{
  "tenant_id": "339573b0-bbc3-4405-97f3-e1998545c10b",
  "counters": {
    "candidates_total": 1.0,
    "events_polled_total": 1.0,
    "graph_runs_total": 1.0,
    "llm_calls_total": 1.0,
    "loop_duration_ms_count": 4.0,
    "loop_duration_ms_last": 0.4571129975374788,
    "loop_duration_ms_max": 1834.987986003398,
    "loop_duration_ms_sum": 1836.4557510067243,
    "normalized_events_total": 1.0,
    "raw_events_stored_total": 1.0
  },
  "loop_duration_avg_ms": 459.11,
  "loop_duration_last_ms": 0.4571129975374788,
  "loop_duration_max_ms": 1834.987986003398
}
