{
  "tenant_id": "0f127e4c-cb67-47f5-8ff5-32021f0738c0",
  "counters": {
    "candidates_total": 1.0,
    "events_polled_total": 1.0,
    "graph_runs_total": 1.0,
    "llm_calls_total": 1.0,
    "loop_duration_ms_count": 4.0,
    "loop_duration_ms_last": 0.4576760038617067,
    "loop_duration_ms_max": 1679.4143229999463,
    "loop_duration_ms_sum": 1680.8256760050426,
    "normalized_events_total": 1.0,
    "raw_events_stored_total": 1.0
  },
  "loop_duration_avg_ms": 420.21,
  "loop_duration_last_ms": 0.4576760038617067,
  "loop_duration_max_ms": 1679.4143229999463
}
